{
    "FrontendCMS": true,
    "Appearance": true,
    "Blog": true,
    "GeneralSetting": true,
    "Product": true,
    "JobPortal": true,
    "UserActivityLog": true,
    "Language": true,
    "Setup": true,
    "ContactRequest": true,
    "Leave": true,
    "RolePermission": true,
    "Attendance": true,
    "Payroll": true,
    "Account": true,
    "SupportTicket": true,
    "Seller": true,
    "FooterSetting": true,
    "Shipping": true,
    "Customer": true,
    "Wallet": true,
    "PaymentGateway": true,
    "Marketing": true,
    "OrderManage": true,
    "Refund": true,
    "ShippingMethod": true,
    "Review": true,
    "Menu": true,
    "GST": true,
    "GiftCard": true,
    "InhouseOrder": true,
    "Visitor": true,
    "AdminReport": true,
    "SidebarManager": true,
    "ModuleManager": true,
    "Backup": true,
    "Utilities": true,
    "PageBuilder": true,
    "FormBuilder": true
}
